Sample	Gene	Alteration
PD53330a	ATM	Neutral
PD53330a	BRAF	Neutral
PD53330a	CCND1	Neutral
PD53330a	CDK4	Neutral
PD53330a	CDKN2A	Neutral
PD53330a	CDKN2B	Neutral
PD53330a	CHEK1	Neutral
PD53330a	CRKL	Neutral
PD53330a	DYRK2	Neutral
PD53330a	EP300	Neutral
PD53330a	HRAS	Neutral
PD53330a	KIT	Neutral
PD53330a	KRAS	Neutral
PD53330a	LZTR1	Neutral
PD53330a	MDM2	Neutral
PD53330a	NF1	Neutral
PD53330a	NRAS	Neutral;Missense_Mutation
PD53330a	PAK1	Neutral
PD53330a	PDGFRA	Neutral
PD53330a	RAD51	Neutral
PD53330a	SOX10	Neutral
PD53330a	SPRED1	Neutral
PD53330a	TERT	Neutral
PD53330a	TP53	Neutral
PD53330a	TP53BP1	Neutral
PD53330a	YAP1	Neutral
PD53330c	ATM	Neutral
PD53330c	BRAF	Gain
PD53330c	CCND1	Neutral
PD53330c	CDK4	Neutral
PD53330c	CDKN2A	Neutral
PD53330c	CDKN2B	Neutral
PD53330c	CHEK1	Neutral
PD53330c	CRKL	Neutral
PD53330c	DYRK2	Neutral
PD53330c	EP300	Neutral
PD53330c	HRAS	Neutral
PD53330c	KIT	Neutral
PD53330c	KRAS	Neutral
PD53330c	LZTR1	Neutral
PD53330c	MDM2	Neutral
PD53330c	NF1	Neutral
PD53330c	NRAS	Neutral;Missense_Mutation
PD53330c	PAK1	Neutral
PD53330c	PDGFRA	Neutral
PD53330c	RAD51	Neutral
PD53330c	SOX10	Neutral
PD53330c	SPRED1	Neutral
PD53330c	TERT	Neutral
PD53330c	TP53	Neutral
PD53330c	TP53BP1	Neutral
PD53330c	YAP1	Neutral
PD53331a	ATM	Neutral
PD53331a	BRAF	Neutral
PD53331a	CCND1	Loss
PD53331a	CDK4	Loss
PD53331a	CDKN2A	Gain
PD53331a	CDKN2B	Gain
PD53331a	CHEK1	Neutral
PD53331a	CRKL	Loss
PD53331a	DYRK2	Loss
PD53331a	EP300	Loss
PD53331a	HRAS	Del
PD53331a	KIT	Neutral
PD53331a	KRAS	Neutral
PD53331a	LZTR1	Loss
PD53331a	MDM2	Loss
PD53331a	NF1	Loss
PD53331a	NRAS	Loss
PD53331a	PAK1	Loss
PD53331a	PDGFRA	Neutral
PD53331a	RAD51	Loss
PD53331a	SOX10	Loss
PD53331a	SPRED1	Neutral
PD53331a	TERT	Neutral
PD53331a	TP53	Loss
PD53331a	TP53BP1	Loss
PD53331a	YAP1	Neutral
PD53332a	ATM	Loss
PD53332a	BRAF	Neutral
PD53332a	CCND1	Amp
PD53332a	CDK4	Neutral
PD53332a	CDKN2A	Loss
PD53332a	CDKN2B	Loss
PD53332a	CHEK1	Loss
PD53332a	CRKL	Gain
PD53332a	DYRK2	Neutral
PD53332a	EP300	Gain
PD53332a	HRAS	Loss
PD53332a	KIT	Neutral
PD53332a	KRAS	Neutral
PD53332a	LZTR1	Gain
PD53332a	MDM2	Neutral
PD53332a	NF1	Loss
PD53332a	NRAS	Neutral
PD53332a	PAK1	Amp
PD53332a	PDGFRA	Neutral
PD53332a	RAD51	Neutral
PD53332a	SOX10	Gain
PD53332a	SPRED1	Neutral
PD53332a	TERT	Amp
PD53332a	TP53	Neutral
PD53332a	TP53BP1	Neutral
PD53332a	YAP1	Loss
PD53332c	ATM	Loss
PD53332c	BRAF	Neutral
PD53332c	CCND1	Amp
PD53332c	CDK4	Neutral
PD53332c	CDKN2A	Loss
PD53332c	CDKN2B	Loss
PD53332c	CHEK1	Loss
PD53332c	CRKL	Gain
PD53332c	DYRK2	Neutral
PD53332c	EP300	Gain
PD53332c	HRAS	Loss
PD53332c	KIT	Neutral
PD53332c	KRAS	Neutral
PD53332c	LZTR1	Gain
PD53332c	MDM2	Neutral
PD53332c	NF1	Loss
PD53332c	NRAS	Neutral
PD53332c	PAK1	Amp
PD53332c	PDGFRA	Neutral
PD53332c	RAD51	Neutral
PD53332c	SOX10	Gain
PD53332c	SPRED1	Neutral
PD53332c	TERT	Amp
PD53332c	TP53	Neutral
PD53332c	TP53BP1	Neutral
PD53332c	YAP1	Loss
PD53332d	ATM	Loss
PD53332d	BRAF	Neutral
PD53332d	CCND1	Amp
PD53332d	CDK4	Neutral
PD53332d	CDKN2A	Loss
PD53332d	CDKN2B	Loss
PD53332d	CHEK1	Loss
PD53332d	CRKL	Gain
PD53332d	DYRK2	Neutral
PD53332d	EP300	Gain
PD53332d	HRAS	Loss
PD53332d	KIT	Amp
PD53332d	KRAS	Neutral
PD53332d	LZTR1	Gain
PD53332d	MDM2	Neutral
PD53332d	NF1	Neutral
PD53332d	NRAS	Neutral
PD53332d	PAK1	Amp
PD53332d	PDGFRA	Neutral
PD53332d	RAD51	Neutral
PD53332d	SOX10	Gain
PD53332d	SPRED1	Neutral
PD53332d	TERT	Amp
PD53332d	TP53	Neutral
PD53332d	TP53BP1	Neutral
PD53332d	YAP1	Loss
PD53332e	ATM	Neutral
PD53332e	BRAF	Neutral
PD53332e	CCND1	Amp
PD53332e	CDK4	Neutral
PD53332e	CDKN2A	Neutral
PD53332e	CDKN2B	Neutral
PD53332e	CHEK1	Neutral
PD53332e	CRKL	Neutral
PD53332e	DYRK2	Neutral
PD53332e	EP300	Neutral
PD53332e	HRAS	Neutral
PD53332e	KIT	Amp
PD53332e	KRAS	Neutral
PD53332e	LZTR1	Neutral
PD53332e	MDM2	Neutral
PD53332e	NF1	Neutral
PD53332e	NRAS	Neutral
PD53332e	PAK1	Amp
PD53332e	PDGFRA	Amp
PD53332e	RAD51	Neutral
PD53332e	SOX10	Neutral
PD53332e	SPRED1	Neutral
PD53332e	TERT	Neutral
PD53332e	TP53	Neutral
PD53332e	TP53BP1	Neutral
PD53332e	YAP1	Neutral
PD53333a	ATM	Neutral
PD53333a	BRAF	Neutral
PD53333a	CCND1	Neutral
PD53333a	CDK4	Amp
PD53333a	CDKN2A	Loss
PD53333a	CDKN2B	Loss
PD53333a	CHEK1	Neutral
PD53333a	CRKL	Neutral
PD53333a	DYRK2	Loss
PD53333a	EP300	Neutral
PD53333a	HRAS	Loss
PD53333a	KIT	Neutral
PD53333a	KRAS	Neutral
PD53333a	LZTR1	Neutral
PD53333a	MDM2	Amp
PD53333a	NF1	Loss
PD53333a	NRAS	Amp;Missense_Mutation
PD53333a	PAK1	Neutral
PD53333a	PDGFRA	Neutral
PD53333a	RAD51	Loss
PD53333a	SOX10	Neutral
PD53333a	SPRED1	Loss
PD53333a	TERT	Gain
PD53333a	TP53	Loss
PD53333a	TP53BP1	Loss
PD53333a	YAP1	Neutral
PD53333c	ATM	Neutral
PD53333c	BRAF	Neutral
PD53333c	CCND1	Neutral
PD53333c	CDK4	Amp
PD53333c	CDKN2A	Neutral
PD53333c	CDKN2B	Neutral
PD53333c	CHEK1	Neutral
PD53333c	CRKL	Neutral
PD53333c	DYRK2	Loss
PD53333c	EP300	Neutral
PD53333c	HRAS	Loss
PD53333c	KIT	Neutral
PD53333c	KRAS	Neutral
PD53333c	LZTR1	Neutral
PD53333c	MDM2	Amp
PD53333c	NF1	Loss
PD53333c	NRAS	Amp;Missense_Mutation
PD53333c	PAK1	Neutral
PD53333c	PDGFRA	Neutral
PD53333c	RAD51	Loss
PD53333c	SOX10	Neutral
PD53333c	SPRED1	Loss
PD53333c	TERT	Neutral
PD53333c	TP53	Loss
PD53333c	TP53BP1	Loss
PD53333c	YAP1	Neutral
PD53333d	ATM	Neutral
PD53333d	BRAF	Neutral
PD53333d	CCND1	Neutral
PD53333d	CDK4	Amp
PD53333d	CDKN2A	Neutral
PD53333d	CDKN2B	Neutral
PD53333d	CHEK1	Neutral
PD53333d	CRKL	Neutral
PD53333d	DYRK2	Loss
PD53333d	EP300	Neutral
PD53333d	HRAS	Loss
PD53333d	KIT	Neutral
PD53333d	KRAS	Neutral
PD53333d	LZTR1	Neutral
PD53333d	MDM2	Amp
PD53333d	NF1	Neutral
PD53333d	NRAS	Amp;Missense_Mutation
PD53333d	PAK1	Neutral
PD53333d	PDGFRA	Neutral
PD53333d	RAD51	Loss
PD53333d	SOX10	Neutral
PD53333d	SPRED1	Loss
PD53333d	TERT	Neutral
PD53333d	TP53	Neutral
PD53333d	TP53BP1	Loss
PD53333d	YAP1	Neutral
PD53333e	ATM	Neutral
PD53333e	BRAF	Neutral
PD53333e	CCND1	Neutral
PD53333e	CDK4	Amp
PD53333e	CDKN2A	Neutral
PD53333e	CDKN2B	Neutral
PD53333e	CHEK1	Neutral
PD53333e	CRKL	Neutral
PD53333e	DYRK2	Loss
PD53333e	EP300	Neutral
PD53333e	HRAS	Loss
PD53333e	KIT	Neutral
PD53333e	KRAS	Neutral
PD53333e	LZTR1	Neutral
PD53333e	MDM2	Amp
PD53333e	NF1	Neutral
PD53333e	NRAS	Amp;Missense_Mutation
PD53333e	PAK1	Neutral
PD53333e	PDGFRA	Neutral
PD53333e	RAD51	Loss
PD53333e	SOX10	Neutral
PD53333e	SPRED1	Loss
PD53333e	TERT	Neutral
PD53333e	TP53	Neutral
PD53333e	TP53BP1	Loss
PD53333e	YAP1	Neutral
PD53333f	ATM	Neutral
PD53333f	BRAF	Neutral
PD53333f	CCND1	Neutral
PD53333f	CDK4	Amp
PD53333f	CDKN2A	Neutral
PD53333f	CDKN2B	Neutral
PD53333f	CHEK1	Neutral
PD53333f	CRKL	Neutral
PD53333f	DYRK2	Loss
PD53333f	EP300	Neutral
PD53333f	HRAS	Loss
PD53333f	KIT	Neutral
PD53333f	KRAS	Neutral
PD53333f	LZTR1	Neutral
PD53333f	MDM2	Amp
PD53333f	NF1	Neutral
PD53333f	NRAS	Gain;Missense_Mutation
PD53333f	PAK1	Neutral
PD53333f	PDGFRA	Neutral
PD53333f	RAD51	Loss
PD53333f	SOX10	Neutral
PD53333f	SPRED1	Loss
PD53333f	TERT	Neutral
PD53333f	TP53	Neutral
PD53333f	TP53BP1	Loss
PD53333f	YAP1	Neutral
PD53334a	ATM	Neutral
PD53334a	BRAF	Gain
PD53334a	CCND1	Neutral
PD53334a	CDK4	Amp
PD53334a	CDKN2A	Neutral
PD53334a	CDKN2B	Neutral
PD53334a	CHEK1	Neutral
PD53334a	CRKL	Neutral
PD53334a	DYRK2	Neutral
PD53334a	EP300	Neutral
PD53334a	HRAS	Neutral
PD53334a	KIT	Neutral
PD53334a	KRAS	Neutral
PD53334a	LZTR1	Neutral
PD53334a	MDM2	Neutral
PD53334a	NF1	Amp
PD53334a	NRAS	Neutral
PD53334a	PAK1	Neutral
PD53334a	PDGFRA	Neutral
PD53334a	RAD51	Neutral
PD53334a	SOX10	Neutral
PD53334a	SPRED1	Neutral
PD53334a	TERT	Neutral;Missense_Mutation
PD53334a	TP53	Loss
PD53334a	TP53BP1	Neutral
PD53334a	YAP1	Neutral
PD53337a	ATM	Neutral
PD53337a	BRAF	Neutral
PD53337a	CCND1	Neutral
PD53337a	CDK4	Neutral
PD53337a	CDKN2A	Loss
PD53337a	CDKN2B	Loss
PD53337a	CHEK1	Neutral
PD53337a	CRKL	Neutral
PD53337a	DYRK2	Neutral
PD53337a	EP300	Neutral
PD53337a	HRAS	Neutral
PD53337a	KIT	Neutral
PD53337a	KRAS	Neutral
PD53337a	LZTR1	Neutral
PD53337a	MDM2	Neutral
PD53337a	NF1	Neutral
PD53337a	NRAS	Amp;Missense_Mutation
PD53337a	PAK1	Neutral
PD53337a	PDGFRA	Neutral
PD53337a	RAD51	Loss
PD53337a	SOX10	Neutral
PD53337a	SPRED1	Loss
PD53337a	TERT	Neutral
PD53337a	TP53	Neutral
PD53337a	TP53BP1	Loss
PD53337a	YAP1	Neutral
PD53337c	ATM	Neutral
PD53337c	BRAF	Neutral
PD53337c	CCND1	Neutral
PD53337c	CDK4	Neutral
PD53337c	CDKN2A	Loss
PD53337c	CDKN2B	Loss
PD53337c	CHEK1	Neutral
PD53337c	CRKL	Gain
PD53337c	DYRK2	Neutral
PD53337c	EP300	Gain
PD53337c	HRAS	Neutral
PD53337c	KIT	Neutral
PD53337c	KRAS	Neutral
PD53337c	LZTR1	Gain
PD53337c	MDM2	Neutral
PD53337c	NF1	Gain
PD53337c	NRAS	Amp;Missense_Mutation
PD53337c	PAK1	Neutral
PD53337c	PDGFRA	Neutral
PD53337c	SOX10	Gain
PD53337c	TERT	Neutral
PD53337c	TP53	Gain
PD53337c	TP53BP1	Neutral
PD53337c	YAP1	Neutral
PD53338a	ATM	Amp
PD53338a	BRAF	Amp
PD53338a	CCND1	Amp
PD53338a	CDK4	Neutral
PD53338a	CDKN2A	Loss;Nonsense_Mutation
PD53338a	CDKN2B	Loss
PD53338a	CHEK1	Neutral
PD53338a	CRKL	Gain
PD53338a	DYRK2	Neutral
PD53338a	EP300	Gain
PD53338a	HRAS	Neutral
PD53338a	KIT	Neutral
PD53338a	KRAS	Neutral
PD53338a	LZTR1	Gain
PD53338a	MDM2	Neutral
PD53338a	NF1	Amp
PD53338a	NRAS	Neutral
PD53338a	PAK1	Amp
PD53338a	PDGFRA	Neutral
PD53338a	RAD51	Loss
PD53338a	SOX10	Gain
PD53338a	SPRED1	Loss
PD53338a	TERT	Amp
PD53338a	TP53	Loss
PD53338a	TP53BP1	Loss
PD53338a	YAP1	Amp
PD53339a	ATM	Loss
PD53339a	BRAF	Loss
PD53339a	CCND1	Gain
PD53339a	CDK4	Loss
PD53339a	CDKN2A	Loss
PD53339a	CDKN2B	Loss
PD53339a	CHEK1	Loss
PD53339a	CRKL	Loss
PD53339a	DYRK2	Loss
PD53339a	EP300	Loss
PD53339a	HRAS	Del
PD53339a	KIT	Gain
PD53339a	KRAS	Gain
PD53339a	LZTR1	Loss
PD53339a	MDM2	Loss
PD53339a	NF1	Loss
PD53339a	NRAS	Loss
PD53339a	PAK1	Gain
PD53339a	PDGFRA	Gain
PD53339a	RAD51	Loss
PD53339a	SOX10	Loss
PD53339a	SPRED1	Loss
PD53339a	TERT	Neutral
PD53339a	TP53	Loss
PD53339a	TP53BP1	Loss
PD53339a	YAP1	Gain
PD53341a	ATM	Gain
PD53341a	BRAF	Gain
PD53341a	CCND1	Amp
PD53341a	CDK4	Amp
PD53341a	CDKN2A	Neutral
PD53341a	CDKN2B	Neutral
PD53341a	CHEK1	Loss
PD53341a	CRKL	Neutral
PD53341a	DYRK2	Gain
PD53341a	EP300	Neutral
PD53341a	HRAS	Neutral
PD53341a	KIT	Neutral
PD53341a	KRAS	Gain
PD53341a	LZTR1	Neutral
PD53341a	MDM2	Gain
PD53341a	NF1	Neutral
PD53341a	NRAS	Neutral
PD53341a	PAK1	Neutral
PD53341a	PDGFRA	Neutral
PD53341a	RAD51	Loss
PD53341a	SOX10	Neutral
PD53341a	SPRED1	Loss
PD53341a	TERT	Amp
PD53341a	TP53	Neutral
PD53341a	TP53BP1	Amp
PD53341a	YAP1	Amp;Missense_Mutation
PD53342a	ATM	Neutral
PD53342a	BRAF	Neutral
PD53342a	CCND1	Neutral
PD53342a	CDK4	Neutral
PD53342a	CDKN2A	Neutral
PD53342a	CDKN2B	Neutral
PD53342a	CHEK1	Neutral
PD53342a	CRKL	Neutral
PD53342a	DYRK2	Neutral
PD53342a	EP300	Neutral
PD53342a	HRAS	Neutral
PD53342a	KIT	Neutral
PD53342a	KRAS	Neutral
PD53342a	LZTR1	Neutral
PD53342a	MDM2	Neutral
PD53342a	NF1	Loss
PD53342a	NRAS	Neutral
PD53342a	PAK1	Neutral
PD53342a	PDGFRA	Neutral
PD53342a	RAD51	Neutral
PD53342a	SOX10	Neutral
PD53342a	SPRED1	Neutral
PD53342a	TERT	Amp
PD53342a	TP53	Neutral
PD53342a	TP53BP1	Neutral
PD53342a	YAP1	Neutral
PD53343a	ATM	Neutral
PD53343a	BRAF	Gain
PD53343a	CCND1	Neutral
PD53343a	CDK4	Gain
PD53343a	CDKN2A	Loss
PD53343a	CDKN2B	Loss
PD53343a	CHEK1	Neutral
PD53343a	CRKL	Neutral
PD53343a	DYRK2	Gain
PD53343a	EP300	Neutral
PD53343a	HRAS	Neutral
PD53343a	KIT	Neutral;Missense_Mutation
PD53343a	KRAS	Gain
PD53343a	LZTR1	Neutral
PD53343a	MDM2	Gain
PD53343a	NF1	Neutral
PD53343a	NRAS	Neutral
PD53343a	PAK1	Neutral
PD53343a	PDGFRA	Neutral
PD53343a	RAD51	Neutral
PD53343a	SOX10	Neutral
PD53343a	SPRED1	Neutral
PD53343a	TERT	Amp
PD53343a	TP53	Neutral
PD53343a	TP53BP1	Neutral
PD53343a	YAP1	Neutral
PD53343c	ATM	Neutral
PD53343c	BRAF	Gain
PD53343c	CCND1	Neutral
PD53343c	CDK4	Gain
PD53343c	CDKN2A	Loss
PD53343c	CDKN2B	Loss
PD53343c	CHEK1	Neutral
PD53343c	CRKL	Neutral
PD53343c	DYRK2	Gain
PD53343c	EP300	Neutral
PD53343c	HRAS	Neutral
PD53343c	KIT	Amp;Missense_Mutation
PD53343c	KRAS	Gain
PD53343c	LZTR1	Neutral
PD53343c	MDM2	Gain
PD53343c	NF1	Neutral
PD53343c	NRAS	Neutral
PD53343c	PAK1	Neutral
PD53343c	PDGFRA	Neutral
PD53343c	RAD51	Neutral
PD53343c	SOX10	Neutral
PD53343c	SPRED1	Neutral
PD53343c	TERT	Amp
PD53343c	TP53	Neutral
PD53343c	TP53BP1	Neutral
PD53343c	YAP1	Neutral
PD53343d	ATM	Neutral
PD53343d	BRAF	Gain
PD53343d	CCND1	Neutral
PD53343d	CDK4	Gain
PD53343d	CDKN2A	Loss
PD53343d	CDKN2B	Loss
PD53343d	CHEK1	Neutral
PD53343d	CRKL	Neutral
PD53343d	DYRK2	Gain
PD53343d	EP300	Neutral
PD53343d	HRAS	Neutral
PD53343d	KIT	Amp;Missense_Mutation
PD53343d	KRAS	Gain
PD53343d	LZTR1	Neutral
PD53343d	MDM2	Gain
PD53343d	NF1	Neutral
PD53343d	NRAS	Neutral
PD53343d	PAK1	Neutral
PD53343d	PDGFRA	Neutral
PD53343d	RAD51	Neutral
PD53343d	SOX10	Neutral
PD53343d	SPRED1	Neutral
PD53343d	TERT	Amp
PD53343d	TP53	Neutral
PD53343d	TP53BP1	Neutral
PD53343d	YAP1	Neutral
PD53343e	ATM	Neutral
PD53343e	BRAF	Gain
PD53343e	CCND1	Neutral
PD53343e	CDK4	Gain
PD53343e	CDKN2A	Loss
PD53343e	CDKN2B	Loss
PD53343e	CHEK1	Neutral
PD53343e	CRKL	Neutral
PD53343e	DYRK2	Gain
PD53343e	EP300	Neutral
PD53343e	HRAS	Neutral
PD53343e	KIT	Amp;Missense_Mutation
PD53343e	KRAS	Gain
PD53343e	LZTR1	Neutral
PD53343e	MDM2	Gain
PD53343e	NF1	Neutral
PD53343e	NRAS	Neutral
PD53343e	PAK1	Neutral
PD53343e	PDGFRA	Neutral
PD53343e	RAD51	Neutral
PD53343e	SOX10	Neutral
PD53343e	SPRED1	Neutral
PD53343e	TERT	Gain
PD53343e	TP53	Loss
PD53343e	TP53BP1	Neutral
PD53343e	YAP1	Neutral
PD53343f	ATM	Neutral
PD53343f	BRAF	Gain
PD53343f	CCND1	Neutral
PD53343f	CDK4	Gain
PD53343f	CDKN2A	Loss
PD53343f	CDKN2B	Loss
PD53343f	CHEK1	Neutral
PD53343f	CRKL	Neutral
PD53343f	DYRK2	Gain
PD53343f	EP300	Neutral
PD53343f	HRAS	Neutral
PD53343f	KIT	Amp;Missense_Mutation
PD53343f	KRAS	Gain
PD53343f	LZTR1	Neutral
PD53343f	MDM2	Gain
PD53343f	NF1	Neutral
PD53343f	NRAS	Neutral
PD53343f	PAK1	Neutral
PD53343f	PDGFRA	Neutral
PD53343f	RAD51	Neutral
PD53343f	SOX10	Neutral
PD53343f	SPRED1	Neutral
PD53343f	TERT	Amp
PD53343f	TP53	Neutral
PD53343f	TP53BP1	Neutral
PD53343f	YAP1	Neutral
PD53343g	ATM	Neutral
PD53343g	BRAF	Gain
PD53343g	CCND1	Neutral
PD53343g	CDK4	Gain
PD53343g	CDKN2A	Loss
PD53343g	CDKN2B	Loss
PD53343g	CHEK1	Neutral
PD53343g	CRKL	Neutral
PD53343g	DYRK2	Gain
PD53343g	EP300	Neutral
PD53343g	HRAS	Neutral
PD53343g	KIT	Amp;Missense_Mutation
PD53343g	KRAS	Gain
PD53343g	LZTR1	Neutral
PD53343g	MDM2	Gain
PD53343g	NF1	Neutral
PD53343g	NRAS	Neutral
PD53343g	PAK1	Neutral
PD53343g	PDGFRA	Neutral
PD53343g	RAD51	Neutral
PD53343g	SOX10	Neutral
PD53343g	SPRED1	Neutral
PD53343g	TERT	Gain
PD53343g	TP53	Neutral
PD53343g	TP53BP1	Neutral
PD53343g	YAP1	Neutral
PD53343h	ATM	Neutral
PD53343h	BRAF	Gain
PD53343h	CCND1	Neutral
PD53343h	CDK4	Neutral
PD53343h	CDKN2A	Loss
PD53343h	CDKN2B	Loss
PD53343h	CHEK1	Neutral
PD53343h	CRKL	Neutral
PD53343h	DYRK2	Neutral
PD53343h	EP300	Neutral
PD53343h	HRAS	Neutral
PD53343h	KIT	Neutral;Missense_Mutation
PD53343h	KRAS	Gain
PD53343h	LZTR1	Neutral
PD53343h	MDM2	Neutral
PD53343h	NF1	Neutral
PD53343h	NRAS	Neutral
PD53343h	PAK1	Neutral
PD53343h	PDGFRA	Neutral
PD53343h	RAD51	Neutral
PD53343h	SOX10	Neutral
PD53343h	SPRED1	Neutral
PD53343h	TERT	Gain
PD53343h	TP53	Neutral
PD53343h	TP53BP1	Neutral
PD53343h	YAP1	Neutral
PD53343i	ATM	Neutral
PD53343i	BRAF	Gain
PD53343i	CCND1	Neutral
PD53343i	CDK4	Gain
PD53343i	CDKN2A	Loss
PD53343i	CDKN2B	Loss
PD53343i	CHEK1	Neutral
PD53343i	CRKL	Neutral
PD53343i	DYRK2	Gain
PD53343i	EP300	Neutral
PD53343i	HRAS	Neutral
PD53343i	KIT	Neutral;Missense_Mutation
PD53343i	KRAS	Neutral
PD53343i	LZTR1	Neutral
PD53343i	MDM2	Gain
PD53343i	NF1	Neutral
PD53343i	NRAS	Neutral
PD53343i	PAK1	Neutral
PD53343i	PDGFRA	Neutral
PD53343i	RAD51	Neutral
PD53343i	SOX10	Neutral
PD53343i	SPRED1	Neutral
PD53343i	TERT	Gain
PD53343i	TP53	Neutral
PD53343i	TP53BP1	Neutral
PD53343i	YAP1	Neutral
PD53345a	ATM	Loss
PD53345a	BRAF	Neutral
PD53345a	CCND1	Amp
PD53345a	CDK4	Neutral
PD53345a	CDKN2A	Loss
PD53345a	CDKN2B	Loss
PD53345a	CHEK1	Loss
PD53345a	CRKL	Amp
PD53345a	DYRK2	Neutral
PD53345a	EP300	Amp
PD53345a	HRAS	Neutral;Missense_Mutation
PD53345a	KIT	Neutral
PD53345a	KRAS	Neutral
PD53345a	LZTR1	Amp
PD53345a	MDM2	Neutral
PD53345a	NF1	Loss
PD53345a	NRAS	Neutral
PD53345a	PAK1	Gain
PD53345a	PDGFRA	Neutral
PD53345a	RAD51	Neutral
PD53345a	SOX10	Amp
PD53345a	SPRED1	Neutral
PD53345a	TERT	Amp
PD53345a	TP53	Loss
PD53345a	TP53BP1	Neutral
PD53345a	YAP1	Loss
PD53346a	ATM	Neutral
PD53346a	BRAF	Loss
PD53346a	CCND1	Loss
PD53346a	CDK4	Loss
PD53346a	CDKN2A	Loss;Nonsense_Mutation
PD53346a	CDKN2B	Loss
PD53346a	CHEK1	Neutral
PD53346a	CRKL	Loss
PD53346a	DYRK2	Gain
PD53346a	EP300	Loss
PD53346a	HRAS	Loss
PD53346a	KIT	Neutral;Missense_Mutation
PD53346a	KRAS	Gain
PD53346a	LZTR1	Loss;Missense_Mutation
PD53346a	MDM2	Gain
PD53346a	NF1	Loss
PD53346a	NRAS	Gain
PD53346a	PAK1	Loss
PD53346a	PDGFRA	Neutral
PD53346a	RAD51	Neutral
PD53346a	SOX10	Loss
PD53346a	SPRED1	Gain
PD53346a	TERT	Neutral
PD53346a	TP53	Loss
PD53346a	TP53BP1	Neutral
PD53346a	YAP1	Neutral
PD53347a	ATM	Loss
PD53347a	BRAF	Gain
PD53347a	CCND1	Amp
PD53347a	CDK4	Gain
PD53347a	CDKN2A	Loss
PD53347a	CDKN2B	Loss
PD53347a	CHEK1	Loss
PD53347a	CRKL	Loss
PD53347a	DYRK2	Gain
PD53347a	EP300	Amp
PD53347a	HRAS	Gain
PD53347a	KIT	Neutral
PD53347a	KRAS	Amp
PD53347a	LZTR1	Loss
PD53347a	MDM2	Gain
PD53347a	NF1	Gain
PD53347a	NRAS	Amp
PD53347a	PAK1	Gain
PD53347a	PDGFRA	Neutral
PD53347a	RAD51	Loss
PD53347a	SOX10	Amp
PD53347a	SPRED1	Loss
PD53347a	TERT	Loss
PD53347a	TP53	Neutral
PD53347a	TP53BP1	Loss
PD53347a	YAP1	Loss
PD53347c	ATM	Loss
PD53347c	BRAF	Gain
PD53347c	CCND1	Amp
PD53347c	CDK4	Gain
PD53347c	CDKN2A	Loss
PD53347c	CDKN2B	Loss
PD53347c	CHEK1	Loss
PD53347c	CRKL	Amp
PD53347c	DYRK2	Gain
PD53347c	EP300	Amp
PD53347c	HRAS	Gain
PD53347c	KIT	Gain
PD53347c	KRAS	Gain
PD53347c	LZTR1	Loss
PD53347c	MDM2	Gain
PD53347c	NF1	Loss
PD53347c	NRAS	Amp
PD53347c	PAK1	Gain
PD53347c	PDGFRA	Gain
PD53347c	RAD51	Loss
PD53347c	SOX10	Amp
PD53347c	SPRED1	Loss
PD53347c	TERT	Loss
PD53347c	TP53	Neutral
PD53347c	TP53BP1	Loss
PD53347c	YAP1	Loss
PD53348a	ATM	Loss
PD53348a	BRAF	Loss
PD53348a	CCND1	Amp
PD53348a	CDK4	Amp
PD53348a	CDKN2A	Loss
PD53348a	CDKN2B	Loss
PD53348a	CHEK1	Loss
PD53348a	CRKL	Amp
PD53348a	DYRK2	Amp
PD53348a	EP300	Gain
PD53348a	HRAS	Loss
PD53348a	KIT	Neutral
PD53348a	KRAS	Neutral
PD53348a	LZTR1	Amp
PD53348a	MDM2	Amp
PD53348a	NF1	Neutral
PD53348a	NRAS	Neutral
PD53348a	PAK1	Amp
PD53348a	PDGFRA	Neutral
PD53348a	RAD51	Loss
PD53348a	SOX10	Gain
PD53348a	SPRED1	Loss
PD53348a	TERT	Neutral
PD53348a	TP53	Loss
PD53348a	TP53BP1	Loss
PD53348a	YAP1	Loss
PD53349a	ATM	Loss
PD53349a	BRAF	Gain
PD53349a	CCND1	Loss
PD53349a	CDK4	Gain
PD53349a	CDKN2A	Loss
PD53349a	CDKN2B	Loss
PD53349a	CHEK1	Loss
PD53349a	CRKL	Amp
PD53349a	DYRK2	Gain
PD53349a	EP300	Amp
PD53349a	HRAS	Loss
PD53349a	KIT	Neutral
PD53349a	KRAS	Gain;Missense_Mutation
PD53349a	LZTR1	Amp
PD53349a	MDM2	Gain
PD53349a	NF1	Neutral
PD53349a	NRAS	Loss
PD53349a	PAK1	Loss
PD53349a	PDGFRA	Neutral
PD53349a	RAD51	Neutral
PD53349a	SOX10	Amp
PD53349a	SPRED1	Neutral
PD53349a	TERT	Gain
PD53349a	TP53	Loss
PD53349a	TP53BP1	Neutral
PD53349a	YAP1	Loss
PD53349c	ATM	Loss
PD53349c	BRAF	Neutral
PD53349c	CCND1	Loss
PD53349c	CDK4	Neutral
PD53349c	CDKN2A	Loss
PD53349c	CDKN2B	Loss
PD53349c	CHEK1	Loss
PD53349c	CRKL	Amp
PD53349c	DYRK2	Neutral
PD53349c	EP300	Amp
PD53349c	HRAS	Loss
PD53349c	KIT	Loss
PD53349c	KRAS	Neutral;Missense_Mutation
PD53349c	LZTR1	Amp
PD53349c	MDM2	Neutral
PD53349c	NF1	Loss
PD53349c	NRAS	Loss
PD53349c	PAK1	Loss
PD53349c	PDGFRA	Loss
PD53349c	RAD51	Loss
PD53349c	SOX10	Amp
PD53349c	SPRED1	Loss
PD53349c	TERT	Gain
PD53349c	TP53	Loss
PD53349c	TP53BP1	Loss
PD53349c	YAP1	Loss
PD53349d	ATM	Loss
PD53349d	BRAF	Neutral
PD53349d	CCND1	Loss
PD53349d	CDK4	Gain
PD53349d	CDKN2A	Loss
PD53349d	CDKN2B	Loss
PD53349d	CHEK1	Loss
PD53349d	CRKL	Amp
PD53349d	DYRK2	Gain
PD53349d	EP300	Amp
PD53349d	HRAS	Loss
PD53349d	KIT	Neutral
PD53349d	KRAS	Gain;Missense_Mutation
PD53349d	LZTR1	Amp
PD53349d	MDM2	Gain
PD53349d	NF1	Neutral
PD53349d	NRAS	Loss
PD53349d	PAK1	Loss
PD53349d	PDGFRA	Neutral
PD53349d	RAD51	Neutral
PD53349d	SOX10	Amp
PD53349d	SPRED1	Neutral
PD53349d	TERT	Gain
PD53349d	TP53	Loss
PD53349d	TP53BP1	Neutral
PD53349d	YAP1	Loss
PD53349e	ATM	Loss
PD53349e	BRAF	Gain
PD53349e	CCND1	Loss
PD53349e	CDK4	Loss
PD53349e	CDKN2A	Loss
PD53349e	CDKN2B	Loss
PD53349e	CHEK1	Loss
PD53349e	CRKL	Amp
PD53349e	DYRK2	Loss
PD53349e	EP300	Amp
PD53349e	HRAS	Loss
PD53349e	KIT	Neutral
PD53349e	KRAS	Loss;Missense_Mutation
PD53349e	LZTR1	Amp
PD53349e	MDM2	Loss
PD53349e	NF1	Neutral
PD53349e	NRAS	Loss
PD53349e	PAK1	Loss
PD53349e	PDGFRA	Neutral
PD53349e	RAD51	Loss
PD53349e	SOX10	Amp
PD53349e	SPRED1	Loss
PD53349e	TERT	Gain
PD53349e	TP53	Loss
PD53349e	TP53BP1	Loss
PD53349e	YAP1	Loss
PD53350a	ATM	Loss
PD53350a	BRAF	Gain
PD53350a	CCND1	Amp
PD53350a	CDK4	Gain
PD53350a	CDKN2A	Loss
PD53350a	CDKN2B	Loss
PD53350a	CHEK1	Loss
PD53350a	CRKL	Amp
PD53350a	DYRK2	Gain
PD53350a	EP300	Neutral
PD53350a	HRAS	Neutral
PD53350a	KIT	Amp
PD53350a	KRAS	Loss
PD53350a	LZTR1	Amp
PD53350a	MDM2	Gain
PD53350a	NF1	Neutral
PD53350a	NRAS	Neutral
PD53350a	PAK1	Amp
PD53350a	PDGFRA	Amp
PD53350a	RAD51	Loss
PD53350a	SOX10	Gain
PD53350a	SPRED1	Loss
PD53350a	TERT	Amp
PD53350a	TP53	Loss
PD53350a	TP53BP1	Loss
PD53350a	YAP1	Loss
PD53350c	ATM	Loss
PD53350c	BRAF	Gain
PD53350c	CCND1	Amp
PD53350c	CDK4	Neutral
PD53350c	CDKN2A	Loss
PD53350c	CDKN2B	Loss
PD53350c	CHEK1	Loss
PD53350c	CRKL	Amp
PD53350c	DYRK2	Neutral
PD53350c	EP300	Loss
PD53350c	HRAS	Neutral
PD53350c	KIT	Amp
PD53350c	KRAS	Loss
PD53350c	LZTR1	Amp
PD53350c	MDM2	Neutral
PD53350c	NF1	Neutral
PD53350c	NRAS	Neutral
PD53350c	PAK1	Amp
PD53350c	PDGFRA	Amp
PD53350c	RAD51	Loss
PD53350c	SOX10	Gain
PD53350c	SPRED1	Loss
PD53350c	TERT	Amp
PD53350c	TP53	Loss
PD53350c	TP53BP1	Loss
PD53350c	YAP1	Amp
PD53350d	ATM	Loss
PD53350d	BRAF	Gain
PD53350d	CCND1	Amp
PD53350d	CDK4	Gain
PD53350d	CDKN2A	Loss
PD53350d	CDKN2B	Loss
PD53350d	CHEK1	Loss
PD53350d	CRKL	Amp
PD53350d	DYRK2	Gain
PD53350d	EP300	Neutral
PD53350d	HRAS	Neutral
PD53350d	KIT	Amp
PD53350d	KRAS	Loss
PD53350d	LZTR1	Amp
PD53350d	MDM2	Gain
PD53350d	NF1	Neutral
PD53350d	NRAS	Neutral
PD53350d	PAK1	Amp
PD53350d	PDGFRA	Amp
PD53350d	RAD51	Loss
PD53350d	SOX10	Gain
PD53350d	SPRED1	Loss
PD53350d	TERT	Amp
PD53350d	TP53	Loss
PD53350d	TP53BP1	Loss
PD53350d	YAP1	Amp
PD53350e	ATM	Loss
PD53350e	BRAF	Gain
PD53350e	CCND1	Amp
PD53350e	CDK4	Gain
PD53350e	CDKN2A	Loss
PD53350e	CDKN2B	Loss
PD53350e	CHEK1	Loss
PD53350e	CRKL	Amp
PD53350e	DYRK2	Gain
PD53350e	EP300	Neutral
PD53350e	HRAS	Neutral
PD53350e	KIT	Amp
PD53350e	KRAS	Loss
PD53350e	LZTR1	Amp
PD53350e	MDM2	Gain
PD53350e	NF1	Neutral
PD53350e	NRAS	Neutral
PD53350e	PAK1	Amp
PD53350e	PDGFRA	Amp
PD53350e	RAD51	Loss
PD53350e	SOX10	Gain
PD53350e	SPRED1	Loss
PD53350e	TERT	Amp
PD53350e	TP53	Loss
PD53350e	TP53BP1	Loss
PD53350e	YAP1	Amp
PD53351a	ATM	Loss
PD53351a	BRAF	Amp
PD53351a	CCND1	Amp
PD53351a	CDK4	Amp
PD53351a	CDKN2A	Loss
PD53351a	CDKN2B	Loss
PD53351a	CHEK1	Loss
PD53351a	CRKL	Gain
PD53351a	DYRK2	Amp
PD53351a	EP300	Gain
PD53351a	HRAS	Loss
PD53351a	KIT	Gain
PD53351a	KRAS	Gain
PD53351a	LZTR1	Gain
PD53351a	MDM2	Amp
PD53351a	NF1	Gain
PD53351a	NRAS	Gain
PD53351a	PAK1	Amp
PD53351a	PDGFRA	Gain
PD53351a	RAD51	Neutral
PD53351a	SOX10	Gain
PD53351a	SPRED1	Neutral
PD53351a	TERT	Gain
PD53351a	TP53	Gain
PD53351a	TP53BP1	Neutral
PD53351a	YAP1	Loss
PD53352a	ATM	Neutral
PD53352a	BRAF	Neutral
PD53352a	CCND1	Neutral
PD53352a	CDK4	Neutral
PD53352a	CDKN2A	Loss
PD53352a	CDKN2B	Loss
PD53352a	CHEK1	Loss
PD53352a	CRKL	Neutral
PD53352a	DYRK2	Neutral
PD53352a	EP300	Neutral
PD53352a	HRAS	Loss
PD53352a	KIT	Amp;Missense_Mutation
PD53352a	KRAS	Neutral
PD53352a	LZTR1	Neutral
PD53352a	MDM2	Neutral
PD53352a	NF1	Neutral
PD53352a	NRAS	Neutral
PD53352a	PAK1	Neutral
PD53352a	PDGFRA	Gain
PD53352a	RAD51	Neutral
PD53352a	SOX10	Neutral
PD53352a	SPRED1	Neutral
PD53352a	TERT	Neutral
PD53352a	TP53	Neutral
PD53352a	TP53BP1	Loss
PD53352a	YAP1	Neutral
PD53352c	ATM	Loss
PD53352c	BRAF	Neutral
PD53352c	CCND1	Loss
PD53352c	CDK4	Neutral
PD53352c	CDKN2A	Loss
PD53352c	CDKN2B	Loss
PD53352c	CHEK1	Loss
PD53352c	CRKL	Neutral
PD53352c	DYRK2	Neutral
PD53352c	EP300	Neutral
PD53352c	HRAS	Loss
PD53352c	KIT	Amp;Missense_Mutation
PD53352c	KRAS	Neutral
PD53352c	LZTR1	Neutral
PD53352c	MDM2	Neutral
PD53352c	NF1	Neutral
PD53352c	NRAS	Neutral
PD53352c	PAK1	Loss
PD53352c	PDGFRA	Amp
PD53352c	RAD51	Neutral
PD53352c	SOX10	Neutral
PD53352c	SPRED1	Loss
PD53352c	TERT	Loss
PD53352c	TP53	Neutral
PD53352c	TP53BP1	Loss
PD53352c	YAP1	Loss
PD53352d	ATM	Neutral
PD53352d	BRAF	Neutral
PD53352d	CCND1	Neutral
PD53352d	CDK4	Neutral
PD53352d	CDKN2A	Neutral
PD53352d	CDKN2B	Neutral
PD53352d	CHEK1	Loss
PD53352d	CRKL	Neutral
PD53352d	DYRK2	Neutral
PD53352d	EP300	Neutral
PD53352d	HRAS	Loss
PD53352d	KIT	Amp;Missense_Mutation
PD53352d	KRAS	Neutral
PD53352d	LZTR1	Neutral
PD53352d	MDM2	Neutral
PD53352d	NF1	Neutral
PD53352d	NRAS	Neutral
PD53352d	PAK1	Neutral
PD53352d	PDGFRA	Amp
PD53352d	RAD51	Neutral
PD53352d	SOX10	Neutral
PD53352d	SPRED1	Neutral
PD53352d	TERT	Neutral
PD53352d	TP53	Neutral
PD53352d	TP53BP1	Loss
PD53352d	YAP1	Neutral
PD53352e	ATM	Loss
PD53352e	BRAF	Neutral
PD53352e	CCND1	Loss
PD53352e	CDK4	Neutral
PD53352e	CDKN2A	Loss
PD53352e	CDKN2B	Loss
PD53352e	CHEK1	Loss
PD53352e	CRKL	Neutral
PD53352e	DYRK2	Neutral
PD53352e	EP300	Neutral
PD53352e	HRAS	Loss
PD53352e	KIT	Amp;Missense_Mutation
PD53352e	KRAS	Neutral
PD53352e	LZTR1	Neutral
PD53352e	MDM2	Neutral
PD53352e	NF1	Neutral
PD53352e	NRAS	Neutral
PD53352e	PAK1	Loss
PD53352e	PDGFRA	Amp
PD53352e	RAD51	Neutral
PD53352e	SOX10	Neutral
PD53352e	SPRED1	Loss
PD53352e	TERT	Loss
PD53352e	TP53	Neutral
PD53352e	TP53BP1	Loss
PD53352e	YAP1	Loss
PD53353a	ATM	Loss
PD53353a	BRAF	Gain
PD53353a	CCND1	Amp
PD53353a	CDK4	Amp
PD53353a	CDKN2A	Loss
PD53353a	CDKN2B	Loss
PD53353a	CHEK1	Loss
PD53353a	CRKL	Amp
PD53353a	DYRK2	Amp
PD53353a	EP300	Amp
PD53353a	HRAS	Gain
PD53353a	KRAS	Gain
PD53353a	LZTR1	Amp
PD53353a	MDM2	Amp
PD53353a	NF1	Gain
PD53353a	NRAS	Gain
PD53353a	PAK1	Amp
PD53353a	RAD51	Loss
PD53353a	SOX10	Amp
PD53353a	SPRED1	Loss
PD53353a	TERT	Neutral
PD53353a	TP53	Neutral
PD53353a	TP53BP1	Loss
PD53353a	YAP1	Loss
PD53354a	ATM	Loss
PD53354a	BRAF	Neutral
PD53354a	CCND1	Neutral
PD53354a	CDK4	Neutral
PD53354a	CDKN2A	Loss
PD53354a	CDKN2B	Loss
PD53354a	CHEK1	Loss
PD53354a	CRKL	Neutral
PD53354a	DYRK2	Neutral
PD53354a	EP300	Neutral
PD53354a	HRAS	Neutral
PD53354a	KIT	Neutral
PD53354a	KRAS	Neutral
PD53354a	LZTR1	Neutral
PD53354a	MDM2	Neutral
PD53354a	NF1	Neutral
PD53354a	NRAS	Neutral
PD53354a	PAK1	Neutral
PD53354a	PDGFRA	Neutral
PD53354a	RAD51	Loss
PD53354a	SOX10	Neutral
PD53354a	SPRED1	Loss
PD53354a	TERT	Neutral
PD53354a	TP53	Neutral
PD53354a	TP53BP1	Loss
PD53354a	YAP1	Neutral
PD53355a	ATM	Neutral
PD53355a	BRAF	Loss
PD53355a	CCND1	Neutral
PD53355a	CDK4	Neutral
PD53355a	CDKN2A	Neutral
PD53355a	CDKN2B	Neutral
PD53355a	CHEK1	Neutral
PD53355a	CRKL	Gain
PD53355a	DYRK2	Neutral
PD53355a	EP300	Gain
PD53355a	HRAS	Neutral
PD53355a	KIT	Neutral
PD53355a	KRAS	Neutral
PD53355a	LZTR1	Gain
PD53355a	MDM2	Neutral
PD53355a	NF1	Gain
PD53355a	NRAS	Neutral;Missense_Mutation
PD53355a	PAK1	Neutral
PD53355a	PDGFRA	Neutral
PD53355a	RAD51	Neutral
PD53355a	SOX10	Gain
PD53355a	SPRED1	Neutral
PD53355a	TERT	Amp
PD53355a	TP53	Neutral
PD53355a	TP53BP1	Neutral
PD53355a	YAP1	Neutral
PD53355c	ATM	Neutral
PD53355c	BRAF	Neutral
PD53355c	CCND1	Neutral
PD53355c	CDK4	Neutral
PD53355c	CDKN2A	Neutral
PD53355c	CDKN2B	Neutral
PD53355c	CHEK1	Neutral
PD53355c	CRKL	Gain
PD53355c	DYRK2	Neutral
PD53355c	EP300	Gain
PD53355c	HRAS	Gain
PD53355c	KIT	Neutral
PD53355c	KRAS	Neutral
PD53355c	LZTR1	Gain
PD53355c	MDM2	Neutral
PD53355c	NF1	Gain
PD53355c	NRAS	Gain;Missense_Mutation
PD53355c	PAK1	Neutral
PD53355c	PDGFRA	Neutral
PD53355c	RAD51	Loss
PD53355c	SOX10	Gain
PD53355c	SPRED1	Loss
PD53355c	TERT	Amp
PD53355c	TP53	Gain
PD53355c	TP53BP1	Loss
PD53355c	YAP1	Neutral
PD53357a	ATM	Loss
PD53357a	BRAF	Loss
PD53357a	CCND1	Loss
PD53357a	CDK4	Loss
PD53357a	CDKN2A	Loss
PD53357a	CDKN2B	Loss
PD53357a	CHEK1	Loss
PD53357a	CRKL	Neutral
PD53357a	DYRK2	Loss
PD53357a	EP300	Amp
PD53357a	HRAS	Neutral
PD53357a	KIT	Loss
PD53357a	KRAS	Loss
PD53357a	LZTR1	Neutral
PD53357a	MDM2	Loss
PD53357a	NF1	Loss;Frame_Shift_Ins
PD53357a	NRAS	Loss
PD53357a	PAK1	Loss
PD53357a	PDGFRA	Loss
PD53357a	RAD51	Neutral
PD53357a	SOX10	Gain
PD53357a	SPRED1	Neutral
PD53357a	TERT	Gain
PD53357a	TP53	Loss
PD53357a	TP53BP1	Neutral
PD53357a	YAP1	Loss
PD53357c	ATM	Loss
PD53357c	BRAF	Loss
PD53357c	CCND1	Loss
PD53357c	CDK4	Loss
PD53357c	CDKN2A	Loss
PD53357c	CDKN2B	Loss
PD53357c	CHEK1	Loss
PD53357c	CRKL	Neutral
PD53357c	DYRK2	Loss
PD53357c	EP300	Amp
PD53357c	HRAS	Neutral
PD53357c	KIT	Neutral
PD53357c	KRAS	Loss
PD53357c	LZTR1	Neutral
PD53357c	MDM2	Loss
PD53357c	NF1	Loss;Frame_Shift_Ins
PD53357c	NRAS	Loss
PD53357c	PAK1	Loss
PD53357c	PDGFRA	Neutral
PD53357c	RAD51	Neutral
PD53357c	SOX10	Gain
PD53357c	SPRED1	Neutral
PD53357c	TERT	Gain
PD53357c	TP53	Loss
PD53357c	TP53BP1	Neutral
PD53357c	YAP1	Loss
PD53357d	ATM	Loss
PD53357d	BRAF	Loss
PD53357d	CCND1	Loss
PD53357d	CDK4	Loss
PD53357d	CDKN2A	Loss
PD53357d	CDKN2B	Loss
PD53357d	CHEK1	Loss
PD53357d	CRKL	Neutral
PD53357d	DYRK2	Loss
PD53357d	EP300	Amp
PD53357d	HRAS	Neutral
PD53357d	KIT	Neutral
PD53357d	KRAS	Loss
PD53357d	LZTR1	Neutral
PD53357d	MDM2	Loss
PD53357d	NF1	Loss;Frame_Shift_Ins
PD53357d	NRAS	Loss
PD53357d	PAK1	Loss
PD53357d	PDGFRA	Neutral
PD53357d	RAD51	Neutral
PD53357d	SOX10	Gain
PD53357d	SPRED1	Neutral
PD53357d	TERT	Gain
PD53357d	TP53	Loss
PD53357d	TP53BP1	Neutral
PD53357d	YAP1	Loss
PD53357e	ATM	Loss
PD53357e	BRAF	Neutral
PD53357e	CCND1	Loss
PD53357e	CDK4	Neutral
PD53357e	CDKN2A	Neutral
PD53357e	CDKN2B	Neutral
PD53357e	CHEK1	Loss
PD53357e	CRKL	Neutral
PD53357e	DYRK2	Neutral
PD53357e	EP300	Amp
PD53357e	HRAS	Loss
PD53357e	KIT	Loss
PD53357e	KRAS	Neutral
PD53357e	LZTR1	Neutral
PD53357e	MDM2	Neutral
PD53357e	NF1	Loss;Frame_Shift_Ins
PD53357e	NRAS	Loss
PD53357e	PAK1	Loss
PD53357e	PDGFRA	Loss
PD53357e	RAD51	Neutral
PD53357e	SOX10	Amp
PD53357e	SPRED1	Neutral
PD53357e	TERT	Amp
PD53357e	TP53	Loss
PD53357e	TP53BP1	Neutral
PD53357e	YAP1	Loss
PD53358a	ATM	Neutral
PD53358a	BRAF	Gain
PD53358a	CCND1	Amp
PD53358a	CDK4	Neutral
PD53358a	CDKN2A	Neutral
PD53358a	CDKN2B	Neutral
PD53358a	CHEK1	Loss
PD53358a	CRKL	Neutral
PD53358a	DYRK2	Neutral
PD53358a	EP300	Neutral
PD53358a	HRAS	Neutral
PD53358a	KIT	Gain
PD53358a	KRAS	Neutral
PD53358a	LZTR1	Neutral
PD53358a	MDM2	Neutral
PD53358a	NF1	Neutral
PD53358a	NRAS	Neutral
PD53358a	PAK1	Gain
PD53358a	PDGFRA	Gain
PD53358a	RAD51	Loss
PD53358a	SOX10	Neutral
PD53358a	SPRED1	Loss
PD53358a	TERT	Loss
PD53358a	TP53	Neutral
PD53358a	TP53BP1	Loss
PD53358a	YAP1	Amp
PD53359a	ATM	Loss
PD53359a	BRAF	Neutral
PD53359a	CCND1	Gain
PD53359a	CDK4	Loss
PD53359a	CDKN2A	Loss
PD53359a	CDKN2B	Loss
PD53359a	CHEK1	Loss
PD53359a	CRKL	Loss
PD53359a	DYRK2	Neutral
PD53359a	EP300	Amp
PD53359a	HRAS	Loss
PD53359a	KIT	Gain
PD53359a	KRAS	Loss
PD53359a	LZTR1	Loss
PD53359a	MDM2	Neutral
PD53359a	NF1	Loss
PD53359a	NRAS	Loss
PD53359a	PAK1	Gain;Missense_Mutation
PD53359a	PDGFRA	Gain
PD53359a	RAD51	Gain
PD53359a	SOX10	Gain
PD53359a	SPRED1	Gain
PD53359a	TERT	Gain
PD53359a	TP53	Loss
PD53359a	TP53BP1	Gain
PD53359a	YAP1	Gain
PD53359c	ATM	Loss
PD53359c	BRAF	Loss
PD53359c	CCND1	Neutral
PD53359c	CDK4	Loss
PD53359c	CDKN2A	Loss
PD53359c	CDKN2B	Loss
PD53359c	CHEK1	Loss
PD53359c	CRKL	Loss
PD53359c	DYRK2	Neutral
PD53359c	EP300	Amp
PD53359c	HRAS	Loss
PD53359c	KIT	Gain
PD53359c	KRAS	Neutral
PD53359c	LZTR1	Loss
PD53359c	MDM2	Neutral
PD53359c	NF1	Loss
PD53359c	NRAS	Loss
PD53359c	PAK1	Neutral;Missense_Mutation
PD53359c	PDGFRA	Gain
PD53359c	RAD51	Gain
PD53359c	SOX10	Gain
PD53359c	SPRED1	Gain
PD53359c	TERT	Neutral
PD53359c	TP53	Loss
PD53359c	TP53BP1	Gain
PD53359c	YAP1	Neutral
PD53361a	ATM	Neutral
PD53361a	BRAF	Neutral
PD53361a	CCND1	Neutral
PD53361a	CDK4	Neutral
PD53361a	CDKN2A	Loss
PD53361a	CDKN2B	Loss
PD53361a	CHEK1	Neutral
PD53361a	CRKL	Neutral
PD53361a	DYRK2	Neutral
PD53361a	EP300	Neutral
PD53361a	HRAS	Neutral
PD53361a	KIT	Neutral
PD53361a	KRAS	Amp;Missense_Mutation
PD53361a	LZTR1	Neutral
PD53361a	MDM2	Neutral
PD53361a	NF1	Neutral
PD53361a	NRAS	Neutral
PD53361a	PAK1	Neutral
PD53361a	PDGFRA	Neutral
PD53361a	RAD51	Loss
PD53361a	SOX10	Neutral
PD53361a	SPRED1	Loss
PD53361a	TERT	Amp
PD53361a	TP53	Loss
PD53361a	TP53BP1	Loss
PD53361a	YAP1	Neutral
PD53362a	ATM	Loss
PD53362a	BRAF	Gain
PD53362a	CCND1	Gain
PD53362a	CDK4	Gain
PD53362a	CDKN2A	Loss
PD53362a	CDKN2B	Loss
PD53362a	CHEK1	Neutral
PD53362a	CRKL	Neutral
PD53362a	DYRK2	Neutral
PD53362a	EP300	Neutral
PD53362a	HRAS	Amp
PD53362a	KIT	Neutral
PD53362a	KRAS	Loss
PD53362a	LZTR1	Neutral
PD53362a	MDM2	Neutral
PD53362a	NF1	Gain
PD53362a	NRAS	Gain
PD53362a	PAK1	Gain
PD53362a	PDGFRA	Neutral;Missense_Mutation
PD53362a	RAD51	Neutral
PD53362a	SOX10	Neutral
PD53362a	SPRED1	Neutral
PD53362a	TERT	Gain
PD53362a	TP53	Loss
PD53362a	TP53BP1	Neutral
PD53362a	YAP1	Neutral
PD53363a	ATM	Loss
PD53363a	BRAF	Gain
PD53363a	CCND1	Neutral
PD53363a	CDK4	Loss
PD53363a	CDKN2A	Loss
PD53363a	CDKN2B	Loss
PD53363a	CHEK1	Loss
PD53363a	CRKL	Amp
PD53363a	DYRK2	Loss
PD53363a	EP300	Amp
PD53363a	HRAS	Neutral
PD53363a	KIT	Neutral
PD53363a	KRAS	Loss
PD53363a	LZTR1	Amp
PD53363a	MDM2	Loss
PD53363a	NF1	Gain
PD53363a	NRAS	Gain;Missense_Mutation
PD53363a	PAK1	Amp
PD53363a	PDGFRA	Neutral
PD53363a	RAD51	Loss
PD53363a	SOX10	Amp
PD53363a	SPRED1	Loss
PD53363a	TERT	Amp
PD53363a	TP53	Loss
PD53363a	TP53BP1	Loss
PD53363a	YAP1	Loss
PD53364a	ATM	Loss
PD53364a	BRAF	Neutral
PD53364a	CCND1	Amp
PD53364a	CDK4	Neutral
PD53364a	CDKN2A	Loss
PD53364a	CDKN2B	Loss
PD53364a	CHEK1	Neutral
PD53364a	CRKL	Loss
PD53364a	DYRK2	Neutral
PD53364a	EP300	Amp
PD53364a	HRAS	Amp;Missense_Mutation
PD53364a	KIT	Gain
PD53364a	KRAS	Gain
PD53364a	LZTR1	Loss
PD53364a	MDM2	Neutral
PD53364a	NF1	Loss
PD53364a	NRAS	Neutral
PD53364a	PAK1	Amp
PD53364a	PDGFRA	Gain
PD53364a	RAD51	Neutral
PD53364a	SOX10	Amp
PD53364a	SPRED1	Neutral
PD53364a	TERT	Loss
PD53364a	TP53	Loss
PD53364a	TP53BP1	Neutral
PD53364a	YAP1	Amp
PD53364c	ATM	Loss
PD53364c	BRAF	Neutral
PD53364c	CCND1	Amp
PD53364c	CDK4	Neutral
PD53364c	CDKN2A	Del
PD53364c	CDKN2B	Del
PD53364c	CHEK1	Loss
PD53364c	CRKL	Loss
PD53364c	DYRK2	Neutral
PD53364c	EP300	Amp
PD53364c	HRAS	Gain;Missense_Mutation
PD53364c	KIT	Gain
PD53364c	KRAS	Neutral
PD53364c	LZTR1	Loss
PD53364c	MDM2	Neutral
PD53364c	NF1	Loss
PD53364c	NRAS	Gain
PD53364c	PAK1	Amp
PD53364c	PDGFRA	Gain
PD53364c	RAD51	Loss
PD53364c	SOX10	Amp
PD53364c	SPRED1	Loss
PD53364c	TERT	Loss
PD53364c	TP53	Loss
PD53364c	TP53BP1	Loss
PD53364c	YAP1	Amp
PD53365a	ATM	Loss
PD53365a	BRAF	Neutral
PD53365a	CCND1	Amp
PD53365a	CDK4	Neutral
PD53365a	CDKN2A	Loss
PD53365a	CDKN2B	Loss
PD53365a	CHEK1	Loss
PD53365a	CRKL	Neutral
PD53365a	DYRK2	Neutral
PD53365a	EP300	Neutral
PD53365a	HRAS	Neutral
PD53365a	KIT	Loss
PD53365a	KRAS	Neutral
PD53365a	LZTR1	Neutral
PD53365a	MDM2	Neutral
PD53365a	NF1	Loss
PD53365a	NRAS	Neutral
PD53365a	PAK1	Neutral
PD53365a	PDGFRA	Loss
PD53365a	RAD51	Loss
PD53365a	SOX10	Neutral
PD53365a	SPRED1	Loss
PD53365a	TERT	Neutral
PD53365a	TP53	Neutral
PD53365a	TP53BP1	Loss
PD53365a	YAP1	Loss
PD53366a	ATM	Amp
PD53366a	BRAF	Neutral
PD53366a	CCND1	Amp
PD53366a	CDK4	Neutral
PD53366a	CDKN2A	Neutral
PD53366a	CDKN2B	Neutral
PD53366a	CHEK1	Loss
PD53366a	CRKL	Neutral
PD53366a	DYRK2	Neutral
PD53366a	EP300	Neutral
PD53366a	HRAS	Neutral
PD53366a	KIT	Amp
PD53366a	KRAS	Neutral
PD53366a	LZTR1	Neutral
PD53366a	MDM2	Neutral
PD53366a	NF1	Gain
PD53366a	NRAS	Loss
PD53366a	PAK1	Amp
PD53366a	PDGFRA	Amp
PD53366a	RAD51	Loss
PD53366a	SOX10	Neutral
PD53366a	SPRED1	Loss
PD53366a	TERT	Neutral
PD53366a	TP53	Loss
PD53366a	TP53BP1	Loss
PD53366a	YAP1	Amp
PD53367a	ATM	Loss
PD53367a	BRAF	Amp
PD53367a	CCND1	Amp
PD53367a	CDK4	Neutral
PD53367a	CDKN2A	Neutral
PD53367a	CDKN2B	Neutral
PD53367a	CHEK1	Neutral
PD53367a	CRKL	Neutral
PD53367a	DYRK2	Neutral
PD53367a	EP300	Neutral
PD53367a	HRAS	Neutral
PD53367a	KIT	Neutral
PD53367a	KRAS	Neutral
PD53367a	LZTR1	Neutral
PD53367a	MDM2	Neutral
PD53367a	NF1	Neutral
PD53367a	NRAS	Neutral
PD53367a	PAK1	Amp
PD53367a	PDGFRA	Neutral
PD53367a	RAD51	Neutral
PD53367a	SOX10	Neutral
PD53367a	SPRED1	Neutral
PD53367a	TERT	Amp
PD53367a	TP53	Neutral
PD53367a	TP53BP1	Neutral
PD53367a	YAP1	Loss
PD53368a	ATM	Loss
PD53368a	BRAF	Neutral
PD53368a	CCND1	Amp
PD53368a	CDK4	Neutral
PD53368a	CDKN2A	Loss
PD53368a	CDKN2B	Loss
PD53368a	CHEK1	Loss
PD53368a	CRKL	Amp
PD53368a	DYRK2	Loss
PD53368a	EP300	Amp
PD53368a	HRAS	Gain
PD53368a	KIT	Neutral
PD53368a	KRAS	Gain
PD53368a	LZTR1	Amp
PD53368a	MDM2	Loss
PD53368a	NF1	Loss;Frame_Shift_Del
PD53368a	NRAS	Neutral
PD53368a	PAK1	Amp
PD53368a	PDGFRA	Neutral
PD53368a	RAD51	Loss
PD53368a	SOX10	Amp
PD53368a	SPRED1	Loss
PD53368a	TERT	Neutral
PD53368a	TP53	Loss
PD53368a	TP53BP1	Loss
PD53368a	YAP1	Loss
PD53369a	ATM	Loss
PD53369a	BRAF	Gain
PD53369a	CCND1	Loss
PD53369a	CDK4	Neutral
PD53369a	CDKN2A	Neutral;Missense_Mutation
PD53369a	CDKN2B	Neutral
PD53369a	CHEK1	Loss
PD53369a	CRKL	Neutral
PD53369a	DYRK2	Neutral
PD53369a	EP300	Neutral
PD53369a	HRAS	Loss
PD53369a	KIT	Neutral;Missense_Mutation
PD53369a	KRAS	Neutral
PD53369a	LZTR1	Neutral
PD53369a	MDM2	Neutral
PD53369a	NF1	Loss
PD53369a	NRAS	Neutral
PD53369a	PAK1	Loss
PD53369a	PDGFRA	Neutral
PD53369a	RAD51	Neutral
PD53369a	SOX10	Neutral;Frame_Shift_Ins
PD53369a	SPRED1	Neutral
PD53369a	TERT	Amp
PD53369a	TP53	Neutral
PD53369a	TP53BP1	Neutral
PD53369a	YAP1	Loss
PD53335a	ATM	Loss
PD53335a	BRAF	Neutral
PD53335a	CCND1	Neutral
PD53335a	CDK4	Neutral
PD53335a	CDKN2A	Loss
PD53335a	CDKN2B	Loss
PD53335a	CHEK1	Loss
PD53335a	CRKL	Gain
PD53335a	DYRK2	Neutral
PD53335a	EP300	Gain
PD53335a	HRAS	Neutral
PD53335a	KIT	Loss
PD53335a	KRAS	Neutral
PD53335a	LZTR1	Gain
PD53335a	MDM2	Neutral
PD53335a	NF1	Gain
PD53335a	NRAS	Loss
PD53335a	PAK1	Neutral
PD53335a	PDGFRA	Loss
PD53335a	RAD51	Loss
PD53335a	SOX10	Gain
PD53335a	SPRED1	Loss;Missense_Mutation
PD53335a	TERT	Loss
PD53335a	TP53	Loss
PD53335a	TP53BP1	Loss
PD53335a	YAP1	Loss
PD53335c	ATM	Loss
PD53335c	BRAF	Gain
PD53335c	CCND1	Gain
PD53335c	CDK4	Gain
PD53335c	CDKN2A	Loss
PD53335c	CDKN2B	Loss
PD53335c	CHEK1	Loss
PD53335c	CRKL	Gain
PD53335c	DYRK2	Gain
PD53335c	EP300	Gain
PD53335c	HRAS	Neutral
PD53335c	KIT	Loss
PD53335c	KRAS	Gain
PD53335c	LZTR1	Gain
PD53335c	MDM2	Gain
PD53335c	NF1	Gain
PD53335c	NRAS	Loss
PD53335c	PAK1	Gain
PD53335c	PDGFRA	Loss
PD53335c	RAD51	Loss
PD53335c	SOX10	Gain
PD53335c	SPRED1	Loss;Missense_Mutation
PD53335c	TERT	Loss
PD53335c	TP53	Loss
PD53335c	TP53BP1	Loss
PD53335c	YAP1	Loss
PD53335d	ATM	Loss
PD53335d	BRAF	Gain
PD53335d	CCND1	Gain
PD53335d	CDK4	Gain
PD53335d	CDKN2A	Loss
PD53335d	CDKN2B	Loss
PD53335d	CHEK1	Loss
PD53335d	CRKL	Gain
PD53335d	DYRK2	Gain
PD53335d	EP300	Gain
PD53335d	HRAS	Neutral
PD53335d	KIT	Loss
PD53335d	KRAS	Gain
PD53335d	LZTR1	Gain
PD53335d	MDM2	Gain
PD53335d	NF1	Neutral
PD53335d	NRAS	Loss
PD53335d	PAK1	Gain
PD53335d	PDGFRA	Loss
PD53335d	RAD51	Loss
PD53335d	SOX10	Gain
PD53335d	SPRED1	Loss;Missense_Mutation
PD53335d	TERT	Loss
PD53335d	TP53	Loss
PD53335d	TP53BP1	Loss
PD53335d	YAP1	Loss
PD53335e	ATM	Loss
PD53335e	BRAF	Neutral
PD53335e	CCND1	Neutral
PD53335e	CDK4	Neutral
PD53335e	CDKN2A	Loss
PD53335e	CDKN2B	Loss
PD53335e	CHEK1	Loss
PD53335e	CRKL	Gain
PD53335e	DYRK2	Neutral
PD53335e	EP300	Gain
PD53335e	HRAS	Neutral
PD53335e	KIT	Loss
PD53335e	KRAS	Neutral
PD53335e	LZTR1	Gain
PD53335e	MDM2	Neutral
PD53335e	NF1	Neutral
PD53335e	NRAS	Loss
PD53335e	PAK1	Neutral
PD53335e	PDGFRA	Loss
PD53335e	RAD51	Loss
PD53335e	SOX10	Gain
PD53335e	SPRED1	Loss;Missense_Mutation
PD53335e	TERT	Loss
PD53335e	TP53	Loss
PD53335e	TP53BP1	Loss
PD53335e	YAP1	Loss
PD53336a	ATM	Loss
PD53336a	BRAF	Amp
PD53336a	CCND1	Gain
PD53336a	CDK4	Neutral
PD53336a	CDKN2A	Neutral
PD53336a	CDKN2B	Neutral
PD53336a	CHEK1	Loss
PD53336a	CRKL	Neutral
PD53336a	DYRK2	Neutral
PD53336a	EP300	Neutral
PD53336a	HRAS	Neutral
PD53336a	KIT	Neutral
PD53336a	KRAS	Neutral
PD53336a	LZTR1	Neutral
PD53336a	MDM2	Neutral
PD53336a	NF1	Neutral
PD53336a	NRAS	Amp;Missense_Mutation
PD53336a	PAK1	Gain
PD53336a	PDGFRA	Neutral
PD53336a	RAD51	Loss
PD53336a	SOX10	Neutral
PD53336a	SPRED1	Loss
PD53336a	TERT	Gain
PD53336a	TP53	Neutral
PD53336a	TP53BP1	Loss
PD53336a	YAP1	Loss
PD53336c	ATM	Loss
PD53336c	BRAF	Gain
PD53336c	CCND1	Gain
PD53336c	CDK4	Neutral
PD53336c	CDKN2A	Neutral
PD53336c	CDKN2B	Neutral
PD53336c	CHEK1	Loss
PD53336c	CRKL	Neutral
PD53336c	DYRK2	Neutral
PD53336c	EP300	Neutral
PD53336c	HRAS	Neutral
PD53336c	KIT	Neutral
PD53336c	KRAS	Neutral
PD53336c	LZTR1	Neutral
PD53336c	MDM2	Neutral
PD53336c	NF1	Neutral
PD53336c	NRAS	Amp;Missense_Mutation
PD53336c	PAK1	Amp
PD53336c	PDGFRA	Neutral
PD53336c	RAD51	Loss
PD53336c	SOX10	Neutral
PD53336c	SPRED1	Loss
PD53336c	TERT	Gain
PD53336c	TP53	Neutral
PD53336c	TP53BP1	Loss
PD53336c	YAP1	Loss
PD53336d	ATM	Loss
PD53336d	BRAF	Gain
PD53336d	CCND1	Gain
PD53336d	CDK4	Neutral
PD53336d	CDKN2A	Neutral
PD53336d	CDKN2B	Neutral
PD53336d	CHEK1	Loss
PD53336d	CRKL	Neutral
PD53336d	DYRK2	Neutral
PD53336d	EP300	Neutral
PD53336d	HRAS	Neutral
PD53336d	KIT	Neutral
PD53336d	KRAS	Neutral
PD53336d	LZTR1	Neutral
PD53336d	MDM2	Neutral
PD53336d	NF1	Neutral
PD53336d	NRAS	Amp;Missense_Mutation
PD53336d	PAK1	Amp
PD53336d	PDGFRA	Neutral
PD53336d	RAD51	Loss
PD53336d	SOX10	Neutral
PD53336d	SPRED1	Loss
PD53336d	TERT	Gain
PD53336d	TP53	Neutral
PD53336d	TP53BP1	Loss
PD53336d	YAP1	Loss
PD53336e	ATM	Loss
PD53336e	BRAF	Gain
PD53336e	CCND1	Gain
PD53336e	CDK4	Neutral
PD53336e	CDKN2A	Neutral
PD53336e	CDKN2B	Neutral
PD53336e	CHEK1	Loss
PD53336e	CRKL	Neutral
PD53336e	DYRK2	Neutral
PD53336e	EP300	Neutral
PD53336e	HRAS	Neutral
PD53336e	KIT	Neutral
PD53336e	KRAS	Neutral
PD53336e	LZTR1	Neutral
PD53336e	MDM2	Neutral
PD53336e	NF1	Neutral
PD53336e	NRAS	Amp;Missense_Mutation
PD53336e	PAK1	Amp
PD53336e	PDGFRA	Neutral
PD53336e	RAD51	Loss
PD53336e	SOX10	Neutral
PD53336e	SPRED1	Loss
PD53336e	TERT	Gain
PD53336e	TP53	Neutral
PD53336e	TP53BP1	Loss
PD53336e	YAP1	Loss
PD53336f	ATM	Loss;Missense_Mutation
PD53336f	BRAF	Gain
PD53336f	CCND1	Neutral
PD53336f	CDK4	Neutral
PD53336f	CDKN2A	Neutral
PD53336f	CDKN2B	Neutral
PD53336f	CHEK1	Loss
PD53336f	CRKL	Neutral
PD53336f	DYRK2	Neutral
PD53336f	EP300	Neutral
PD53336f	HRAS	Neutral
PD53336f	KIT	Neutral
PD53336f	KRAS	Neutral
PD53336f	LZTR1	Neutral
PD53336f	MDM2	Neutral
PD53336f	NF1	Neutral
PD53336f	NRAS	Amp;Missense_Mutation
PD53336f	PAK1	Amp
PD53336f	PDGFRA	Neutral
PD53336f	RAD51	Loss
PD53336f	SOX10	Neutral
PD53336f	SPRED1	Loss
PD53336f	TERT	Neutral
PD53336f	TP53	Neutral
PD53336f	TP53BP1	Loss
PD53336f	YAP1	Loss
PD53340a	ATM	Loss;Missense_Mutation
PD53340a	BRAF	Neutral
PD53340a	CCND1	Amp
PD53340a	CDK4	Neutral
PD53340a	CDKN2A	Neutral
PD53340a	CDKN2B	Neutral
PD53340a	CHEK1	Loss
PD53340a	CRKL	Amp
PD53340a	DYRK2	Neutral
PD53340a	EP300	Amp
PD53340a	HRAS	Loss
PD53340a	KIT	Neutral;Missense_Mutation
PD53340a	KRAS	Neutral
PD53340a	LZTR1	Amp
PD53340a	MDM2	Neutral
PD53340a	NF1	Gain
PD53340a	NRAS	Neutral
PD53340a	PAK1	Loss
PD53340a	PDGFRA	Neutral
PD53340a	RAD51	Neutral
PD53340a	SOX10	Amp
PD53340a	SPRED1	Neutral
PD53340a	TERT	Amp
PD53340a	TP53	Loss
PD53340a	TP53BP1	Neutral
PD53340a	YAP1	Amp
PD53344a	ATM	Amp
PD53344a	BRAF	Amp
PD53344a	CCND1	Amp
PD53344a	CDK4	Gain
PD53344a	CDKN2A	Neutral
PD53344a	CDKN2B	Neutral
PD53344a	CHEK1	Loss
PD53344a	CRKL	Amp
PD53344a	DYRK2	Gain
PD53344a	EP300	Gain
PD53344a	HRAS	Neutral
PD53344a	KIT	Neutral
PD53344a	KRAS	Gain;Missense_Mutation
PD53344a	LZTR1	Amp
PD53344a	MDM2	Gain
PD53344a	NF1	Neutral
PD53344a	NRAS	Neutral
PD53344a	PAK1	Amp
PD53344a	PDGFRA	Neutral
PD53344a	RAD51	Neutral
PD53344a	SOX10	Gain
PD53344a	SPRED1	Neutral
PD53344a	TERT	Amp
PD53344a	TP53	Neutral
PD53344a	TP53BP1	Neutral
PD53344a	YAP1	Amp
PD53344c	ATM	Amp
PD53344c	BRAF	Amp
PD53344c	CCND1	Amp
PD53344c	CDK4	Gain
PD53344c	CDKN2A	Neutral
PD53344c	CDKN2B	Neutral
PD53344c	CHEK1	Loss
PD53344c	CRKL	Amp
PD53344c	DYRK2	Gain
PD53344c	EP300	Gain
PD53344c	HRAS	Loss
PD53344c	KIT	Gain
PD53344c	KRAS	Gain;Missense_Mutation
PD53344c	LZTR1	Amp
PD53344c	MDM2	Neutral
PD53344c	NF1	Loss
PD53344c	NRAS	Neutral
PD53344c	PAK1	Amp
PD53344c	PDGFRA	Loss
PD53344c	RAD51	Loss
PD53344c	SOX10	Gain
PD53344c	SPRED1	Neutral
PD53344c	TERT	Amp
PD53344c	TP53	Neutral
PD53344c	TP53BP1	Loss
PD53344c	YAP1	Amp
PD53344d	ATM	Amp
PD53344d	BRAF	Amp
PD53344d	CCND1	Amp
PD53344d	CDK4	Gain
PD53344d	CDKN2A	Neutral
PD53344d	CDKN2B	Neutral
PD53344d	CHEK1	Loss
PD53344d	CRKL	Amp
PD53344d	DYRK2	Gain
PD53344d	EP300	Gain
PD53344d	HRAS	Neutral
PD53344d	KIT	Neutral
PD53344d	KRAS	Gain;Missense_Mutation
PD53344d	LZTR1	Amp
PD53344d	MDM2	Neutral
PD53344d	NF1	Neutral
PD53344d	NRAS	Neutral
PD53344d	PAK1	Amp
PD53344d	PDGFRA	Neutral
PD53344d	RAD51	Loss
PD53344d	SOX10	Gain
PD53344d	SPRED1	Neutral
PD53344d	TERT	Amp
PD53344d	TP53	Neutral
PD53344d	TP53BP1	Loss
PD53344d	YAP1	Amp
PD53344e	ATM	Amp
PD53344e	BRAF	Amp
PD53344e	CCND1	Amp
PD53344e	CDK4	Gain
PD53344e	CDKN2A	Neutral
PD53344e	CDKN2B	Neutral
PD53344e	CHEK1	Loss
PD53344e	CRKL	Amp
PD53344e	DYRK2	Gain
PD53344e	EP300	Gain
PD53344e	HRAS	Neutral
PD53344e	KIT	Neutral
PD53344e	KRAS	Gain;Missense_Mutation
PD53344e	LZTR1	Amp
PD53344e	MDM2	Gain
PD53344e	NF1	Loss
PD53344e	NRAS	Neutral
PD53344e	PAK1	Amp
PD53344e	PDGFRA	Neutral
PD53344e	RAD51	Loss
PD53344e	SOX10	Gain
PD53344e	SPRED1	Neutral
PD53344e	TERT	Amp
PD53344e	TP53	Neutral
PD53344e	TP53BP1	Loss
PD53344e	YAP1	Amp
PD53344f	ATM	Amp
PD53344f	BRAF	Gain
PD53344f	CCND1	Amp
PD53344f	CDK4	Gain
PD53344f	CDKN2A	Neutral
PD53344f	CDKN2B	Neutral
PD53344f	CHEK1	Loss
PD53344f	CRKL	Amp
PD53344f	DYRK2	Gain
PD53344f	EP300	Gain
PD53344f	HRAS	Neutral
PD53344f	KIT	Neutral
PD53344f	KRAS	Gain;Missense_Mutation
PD53344f	LZTR1	Amp
PD53344f	MDM2	Gain
PD53344f	NF1	Neutral
PD53344f	NRAS	Neutral
PD53344f	PAK1	Amp
PD53344f	PDGFRA	Neutral
PD53344f	RAD51	Neutral
PD53344f	SOX10	Gain
PD53344f	SPRED1	Neutral
PD53344f	TERT	Amp
PD53344f	TP53	Neutral
PD53344f	TP53BP1	Neutral
PD53344f	YAP1	Amp
PD53356a	ATM	Neutral
PD53356a	BRAF	Gain
PD53356a	CCND1	Neutral
PD53356a	CDK4	Amp
PD53356a	CDKN2A	Loss
PD53356a	CDKN2B	Loss
PD53356a	CHEK1	Neutral
PD53356a	CRKL	Neutral
PD53356a	DYRK2	Loss
PD53356a	EP300	Neutral
PD53356a	HRAS	Neutral
PD53356a	KIT	Amp
PD53356a	KRAS	Neutral
PD53356a	LZTR1	Neutral
PD53356a	MDM2	Amp
PD53356a	NF1	Neutral
PD53356a	NRAS	Gain;Missense_Mutation
PD53356a	PAK1	Neutral
PD53356a	PDGFRA	Amp
PD53356a	RAD51	Loss
PD53356a	SOX10	Neutral
PD53356a	SPRED1	Loss
PD53356a	TERT	Loss
PD53356a	TP53	Neutral
PD53356a	TP53BP1	Loss
PD53356a	YAP1	Neutral
PD53356c	ATM	Neutral
PD53356c	BRAF	Gain
PD53356c	CCND1	Neutral
PD53356c	CDK4	Amp
PD53356c	CDKN2A	Loss
PD53356c	CDKN2B	Loss
PD53356c	CHEK1	Neutral
PD53356c	CRKL	Neutral
PD53356c	DYRK2	Loss
PD53356c	EP300	Gain
PD53356c	HRAS	Neutral
PD53356c	KIT	Gain
PD53356c	KRAS	Neutral
PD53356c	LZTR1	Neutral
PD53356c	MDM2	Amp
PD53356c	NF1	Neutral
PD53356c	NRAS	Gain;Missense_Mutation
PD53356c	PAK1	Neutral;In_Frame_Ins
PD53356c	PDGFRA	Gain
PD53356c	RAD51	Loss
PD53356c	SOX10	Neutral
PD53356c	SPRED1	Loss
PD53356c	TERT	Loss
PD53356c	TP53	Neutral
PD53356c	TP53BP1	Loss
PD53356c	YAP1	Neutral
PD53360a	ATM	Loss
PD53360a	BRAF	Neutral
PD53360a	CCND1	Loss
PD53360a	CDK4	Neutral
PD53360a	CDKN2A	Loss
PD53360a	CDKN2B	Loss
PD53360a	CHEK1	Loss
PD53360a	CRKL	Gain
PD53360a	DYRK2	Neutral
PD53360a	EP300	Neutral
PD53360a	HRAS	Neutral
PD53360a	KIT	Neutral
PD53360a	KRAS	Neutral
PD53360a	LZTR1	Gain
PD53360a	MDM2	Neutral
PD53360a	NF1	Neutral
PD53360a	NRAS	Gain
PD53360a	PAK1	Loss
PD53360a	PDGFRA	Neutral
PD53360a	RAD51	Neutral
PD53360a	SOX10	Gain
PD53360a	SPRED1	Neutral
PD53360a	TERT	Gain
PD53360a	TP53	Neutral
PD53360a	TP53BP1	Neutral
PD53360a	YAP1	Loss
